,age,fnlwgt,education num,capital gain,capital loss,hours per week,workclass,education,marital status,occupation,relationship,race,native country,origin
0,-0.00011612337777075791,0.00296670773352007,0.0029574994697322806,0.0028527622814047623,0.00279170033136959,-0.005928139858855474,0.0018585210848813258,0.002763399261028477,-0.03034963692395591,-0.0025635849583848284,0.002433966679117057,0.0005655753024877955,0.0030113066387933455,0.0
1,0.0025303590440795025,0.0017645204593056917,0.001763978265296699,0.0017612536776529589,0.0017631871829976438,0.0012987422883307374,0.0019319454610820814,0.0017649027619316719,-0.0017443236008661508,0.0024440120331014562,0.0018042345865331422,0.0023422547291064967,0.0017671550215142234,0.0
