,age,fnlwgt,education num,capital gain,capital loss,hours per week,workclass,education,marital status,occupation,relationship,race,native country,origin
0,-0.0010780144676733668,0.0007103341925897983,0.0007071135482048526,0.0006725323279572202,0.0006558514711240349,0.0005954942470878079,0.00028612162628696106,0.0006495262602016516,-0.00012690106541136655,-0.0003382788323981301,0.0005985494389565339,-0.0006261071260164862,0.0007256237177494925,0.0
1,0.003877173785062747,-0.0013313694638668705,-0.0013157758024050317,-0.0011371049620912778,-0.001031499110730311,-0.0003644249293246808,0.0005955053055842966,-0.000982108195927139,0.0014281401478431085,0.0021232044236463242,-0.00039650548453204644,0.0027602173440232323,-0.001406580360665112,0.0
