,age,fnlwgt,education num,capital gain,capital loss,hours per week,workclass,education,marital status,occupation,relationship,race,native country,origin
0,-0.002170791166535427,0.001489341150604351,0.0014795136011353704,0.0013710791118054526,0.0013111668054976242,0.0009874179869923765,0.00044341301463681024,0.0012846257574164585,-0.0002750017406178489,-0.004709997922203421,0.001002277307824471,-0.0013406382835326515,0.0015366768138856289,0.0
1,-0.0025694979042725848,0.0008709626788588619,0.0008602473055379752,0.0007344920557831634,0.000657615241131019,0.00014077859385291502,-0.0006045920167467888,0.000620814669066405,-0.0010827764670998863,-0.005345433044528052,0.0001661080478386161,-0.0018422915128327158,0.0009226857545752773,0.0
