,age,fnlwgt,education num,capital gain,capital loss,hours per week,workclass,education,marital status,occupation,relationship,race,native country,origin
0,0.0006160277158430383,0.0006217282006433204,0.0006222368541201731,0.0006331221279656694,0.0006441010178025758,0.00027383053352027074,0.000944338143038516,0.0006501159930693054,0.001029108480172209,0.00048221912134265715,0.000738460141846641,0.0008320377063603591,0.0006192541725706505,0.0
1,-0.002076737592213662,0.0020912239747602436,0.0020792012268402863,0.0019424034631232918,0.0018626769610734881,-0.00975376112604611,0.0006318333505623296,0.0018257189260187134,-6.850154395107884e-05,-0.005261575138317619,0.0013942396975442635,-0.0011611557271422298,0.0021492909389200813,0.0
